0,USL-2015,United Soccer League,United States
1,39815,New York Red Bulls II,USL-2015,69
2,51444,Kyle Reynish,1983-11-03,Valencia California,United States,191,United States,N/A,GK,61553,-1,180000
2,318318,Rafael Diaz,1991-08-10,N/A,N/A,183,Dominican Republic,United States,GK,40835,-1,90000
2,184249,Karl Ouimette,1992-06-18,Repentigny Québec,Canada,185,Canada,France,CB,39148,-1,248000
2,417625,Zach Carroll,1994-03-16,Grand Blanc Michigan,United States,192,United States,N/A,CB,54716,-1,180000
2,160462,Tim Schmoll,1993-02-22,Coppet,Switzerland,201,Switzerland,N/A,CB,3936,-1,135000
2,417388,Justin Bilyeu,1994-02-03,St Louis Missouri,United States,188,United States,N/A,LB,51604,-1,90000
2,57540,Damien Perrinelle,1983-09-12,Suresnes,France,187,France,N/A,CB,123,-1,-1
2,430916,Cheikh MBaye,1995-07-14,Saint-Louis,Senegal,192,Senegal,N/A,CB,515,-1,-1
2,271184,Sean Davis,1993-02-08,Long Branch New Jersey,United States,183,United States,N/A,CM,623,-1,630000
2,429455,Vincent Bezecourt,1993-06-10,Aire-sur-lAdour,France,170,France,N/A,AM,623,-1,450000
2,253779,Dan Metzger,1993-08-06,Holmdel New Jersey,United States,178,United States,N/A,DM,16885,-1,158000
2,367412,Konrad Plewa,1992-02-27,Nowy Targ,Poland,190,Poland,N/A,DM,45806,-1,90000
2,402009,Zoumana Simpara,1998-02-22,Bamako,Mali,187,Mali,N/A,LM,43447,-1,-1
2,413690,Alex Muyl,1995-09-30,New York City New York,United States,180,United States,N/A,RW,623,-1,630000
2,354763,Derrick Etienne,1996-11-25,Richmond Virginia,United States,178,Haiti,United States,LW,623,-1,518000
2,354664,Junior Flemmings,1996-01-16,Kingston,Jamaica,178,Jamaica,N/A,LW,23565,-1,158000
2,455564,Ben Mines,2000-05-13,Ridgefield Connecticut,United States,175,United States,N/A,RW,623,-1,135000
2,467879,Ryan Mingachos,1998-05-27,N/A,N/A,-1,United States,N/A,ST,11503,-1,-1
2,439266,Sean Teixeira,1998-03-17,N/A,N/A,-1,United States,N/A,ST,25940,-1,-1
2,213051,Ryan Meara,1990-11-15,Yonkers New York,United States,192,Ireland,United States,GK,623,-1,180000
2,271072,Aaron Long,1992-10-12,Oak Hills California,United States,186,United States,N/A,CB,623,-1,675000
2,265719,Gideon Baah,1991-10-01,Accra,Ghana,186,Ghana,N/A,CB,10694,-1,180000
2,312901,David Najem,1992-05-26,Livingston New Jersey,United States,178,Afghanistan,United States,RB,23565,-1,158000
2,429454,Noah Powder,1998-10-27,Edison New Jersey,United States,178,Trinidad and Tobago,United States,LB,31068,-1,135000
2,437874,Kevin OToole,1998-12-14,Montclair New Jersey,United States,178,United States,N/A,LB,25940,-1,90000
2,377104,Mason Deeds,1998-08-03,Topton Pennsylvania,United States,193,United States,N/A,CB,9746,-1,-1
2,332705,Tyler Adams,1999-02-14,Wappingers Falls New York,United States,176,United States,N/A,DM,623,-1,900000
2,170465,Florian Valot,1993-02-12,Pau,France,180,France,N/A,AM,623,-1,450000
2,145501,Amobi Okugo,1991-03-13,Hayward California,United States,183,United States,Nigeria,DM,515,-1,225000
2,392490,Devon Williams,1992-04-08,Kingston,Jamaica,170,Jamaica,N/A,AM,46316,-1,158000
2,455550,Kazu Shigenobu,1999-08-20,Ridgewood New Jersey,United States,175,United States,N/A,CM,25940,-1,68000
2,133551,Gonzalo Verón,1989-12-24,Moreno,Argentina,178,Argentina,N/A,RW,1234,-1,675000
2,363264,Anatole Abang,1996-07-06,Yaoundé,Cameroon,188,Cameroon,N/A,CF,39815,-1,540000
2,253740,Brandon Allen,1993-10-08,Old Bridge New Jersey,United States,185,United States,N/A,CF,54753,-1,225000
2,357276,Stefano Bonomo,1993-01-25,Hillsborough California,United States,188,United States,Italy,CF,23565,-1,158000
2,3467,Shaun Wright-Phillips,1981-10-25,London,England,166,England,Grenada,RW,123,-1,-1
2,377105,Brian Saramago,1998-11-09,New Hyde Park New York,United States,-1,United States,N/A,ST,25940,-1,-1
1,46316,Louisville City FC,USL-2015,60
2,367436,Greg Ranjitsingh,1993-07-18,Pickering Ontario,Canada,188,Trinidad and Tobago,Canada,GK,46316,-1,225000
2,310453,Scott Goodwin,1990-11-01,Raleigh North Carolina,United States,183,United States,N/A,GK,123,-1,-1
2,121230,Paco Craig,1992-10-19,London,England,188,England,N/A,CB,46316,-1,203000
2,264534,Sean Reynolds,1990-04-11,Fort Walton Beach Florida,United States,188,United States,N/A,CB,45818,-1,180000
2,159058,Conor Shanosky,1991-12-13,Sterling Virginia,United States,193,United States,N/A,CB,16931,-1,135000
2,423458,Jong-Hyun Son,1991-11-30,Hoein,Korea South,174,Korea South,N/A,LB,123,-1,-1
2,234049,Paolo Del Piccolo,1991-05-28,Wheat Ridge Colorado,United States,184,United States,Italy,CM,46316,-1,248000
2,152510,George Davis IV,1987-05-08,Lima Ohio,United States,173,United States,N/A,AM,46316,-1,158000
2,289749,Magnus Rasmussen,1993-04-18,Kopenhagen,Denmark,185,Denmark,N/A,CM,46316,-1,113000
2,396959,Andrew Lubahn,1991-09-10,Erie Pennsylvania,United States,186,United States,N/A,AM,4290,-1,113000
2,182660,Cameron Lancaster,1992-11-05,London,England,183,England,N/A,CF,46316,-1,270000
2,354706,Kadeem Dacres,1991-01-28,New York City New York,United States,174,Jamaica,United States,RW,45818,-1,135000
2,453700,Timothy Dobrowolski,1993-09-07,Rockford Illinois,United States,191,United States,Poland,GK,46316,-1,135000
2,429271,Kyle Smith,1992-01-09,Cincinnati Ohio,United States,184,United States,N/A,RB,46316,-1,225000
2,261469,Ben Newnam,1991-04-18,Kernersville North Carolina,United States,179,United States,N/A,RB,515,-1,180000
2,315060,Tarek Morad,1992-08-21,Los Angeles California,United States,187,United States,Egypt,CB,23565,-1,158000
2,364642,Enrique Montano,1993-05-25,Salinas California,United States,185,United States,N/A,LB,24260,-1,45000
2,343553,Mark-Anthony Kaye,1994-12-02,Toronto Ontario,Canada,185,Canada,N/A,CM,51828,-1,360000
2,308501,Aodhan Quinn,1992-03-22,San Diego California,United States,183,United States,N/A,DM,31068,-1,225000
2,364643,Niall McCabe,1990-10-06,Dublin,Ireland,180,Ireland,N/A,AM,46316,-1,135000
2,138164,Guy Abend,1990-11-08,Netanya,Israel,185,Israel,N/A,CM,54716,-1,113000
2,212985,Chandler Hoffman,1990-08-17,Birmingham Alabama,United States,183,United States,N/A,CF,45806,-1,428000
2,68975,Ilija Ilic,1991-04-26,Belgrad,Jugoslawien (SFR),180,Serbia,N/A,CF,46316,-1,180000
1,51772,FC Cincinnati,USL-2015,56
2,222628,Mitch Hildebrandt,1988-11-12,Livonia Michigan,United States,186,United States,N/A,GK,51663,-1,225000
2,131333,Tyler Polak,1992-05-13,Lincoln Nebraska,United States,173,United States,N/A,LB,45818,-1,180000
2,424196,Evan Lee,1993-11-23,Toledo Ohio,United States,194,United States,N/A,CB,16931,-1,90000
2,212975,Austin Berry,1988-10-06,Cincinnati Ohio,United States,188,United States,N/A,CB,123,-1,-1
2,210368,Jimmy McLaughlin,1993-04-30,Bryn Mawr Pennsylvania,United States,173,United States,N/A,CM,51772,-1,248000
2,189533,Francisco Narbón,1995-02-11,Panama City,Panama,173,Panama,N/A,DM,46720,-1,158000
2,283220,Pat McMahon,1986-11-05,Bolingbrook Illinois,United States,180,United States,N/A,DM,46316,-1,90000
2,216928,Paul Nicholson,1986-08-10,Whitehaven,England,178,England,N/A,DM,123,-1,-1
2,343552,Ross Tomaselli,1992-01-09,Wilmington North Carolina,United States,175,United States,N/A,M,515,-1,-1
2,306757,Sean Okoli,1993-02-03,Federal Way Washington,United States,186,United States,Nigeria,CF,36224,-1,270000
2,206798,Casey Townsend,1989-07-07,Traverse City Michigan,United States,180,United States,N/A,CF,515,-1,90000
2,141222,Andrew Wiedeman,1989-08-22,San Ramon California,United States,180,United States,N/A,CF,123,-1,-1
2,256547,Dallas Jaye,1993-06-19,Danville California,United States,183,Guam,United States,GK,33414,-1,23000
2,318541,Harrison Delbridge,1992-03-15,Sydney,Australia,193,Australia,Papua New Guinea,CB,25580,-1,180000
2,424197,Derek Luke,1993-05-28,Bridgewater Township New Jersey,United States,174,United States,N/A,LB,51694,-1,23000
2,141216,Corben Bone,1988-09-16,Plano Texas,United States,175,United States,N/A,CM,51772,-1,315000
2,213025,Kenney Walker,1988-12-23,Wickliffe Ohio,United States,175,United States,N/A,DM,51772,-1,248000
2,421923,Omar Mohamed,1996-05-18,Mogadishu,Somalia,181,Somalia,United States,M,515,-1,158000
2,268305,Eric Stevenson,1990-08-30,Columbus Ohio,United States,172,United States,N/A,RM,515,-1,68000
2,421921,Álvaro Antón Ripoll,1994-05-18,Madrid,Spain,186,Spain,N/A,RM,515,-1,-1
2,216602,Antoine Hoppenot,1990-11-23,Paris,France,173,United States,France,CF,54716,-1,360000
2,429278,Luke Spencer,1990-11-28,Cincinnati Ohio,United States,188,United States,N/A,CF,46316,-1,135000
2,59519,Omar Cummings,1982-07-13,Old Harbour,Jamaica,178,Jamaica,United States,CF,123,-1,-1
1,3372,Rochester Rhinos,USL-2015,51
2,253761,Tomás Gómez,1993-05-20,Montemorelos,Mexico,186,United States,Mexico,GK,45818,-1,180000
2,228150,Adam Grinwis,1992-04-21,Ada Michigan,United States,188,United States,N/A,GK,45806,-1,90000
2,367420,Sean Totsch,1991-09-16,Fargo North Dakota,United States,188,United States,N/A,CB,46316,-1,225000
2,436288,Ryan James,1994-04-21,Mississauga Ontario,Canada,176,Canada,N/A,RB,54753,-1,180000
2,30435,Vasilios Apostolopoulos,1988-08-13,Athen,Greece,191,Greece,N/A,CB,42109,-1,113000
2,23246,Georgios Kyriazis,1980-02-22,Thessaloniki,Greece,188,Greece,N/A,CB,123,-1,-1
2,430372,Dominic Samuel,1994-09-29,Toronto Ontario,Canada,178,Canada,N/A,RB,515,-1,-1
2,94715,Wal Fall,1992-09-08,Frankfurt am Main,Germany,190,Germany,Senegal,CM,45818,-1,180000
2,430376,Andre Fortune II,1996-07-03,Raleigh North Carolina,United States,160,Trinidad and Tobago,United States,RM,11228,-1,113000
2,220631,Tony Walls,1990-01-16,Wauwatosa Wisconsin,United States,175,United States,N/A,CM,45818,-1,90000
2,453702,Gaoussou Bakayoko,1991-06-23,N/A,N/A,185,Cote dIvoire,N/A,CM,14657,-1,-1
2,430374,Jordan Becker,1992-09-25,Pocomoke City Maryland,United States,188,United States,N/A,DM,12667,-1,-1
2,439719,Michel Guilavogui,1993-12-12,Conakry,Guinea,174,Guinea,N/A,M,2993,-1,-1
2,357093,Christian Volesky,1992-09-15,Henderson Nevada,United States,185,United States,N/A,CF,38946,-1,158000
2,367421,Asani Samuels,1992-03-20,Savanna la Mar,Jamaica,196,Jamaica,N/A,ST,515,-1,-1
2,439721,Dan Lynd,1994-03-04,Penfield New York,United States,193,United States,N/A,GK,4290,-1,180000
2,417381,Jordan McCrary,1993-07-28,Alpharetta Georgia,United States,176,United States,N/A,RB,9636,-1,270000
2,430373,Joseph Farrell,1994-02-13,Blue Bell Pennsylvania,United States,188,United States,N/A,CB,33414,-1,180000
2,438136,Bradley Kamdem,1994-08-18,Paris,France,184,France,Canada,LB,61553,-1,158000
2,256359,Donnie Smith,1990-12-07,Matthews North Carolina,United States,180,United States,N/A,LB,46717,-1,90000
2,453703,George Miller,1992-02-12,Duncannon Pennsylvania,United States,175,United States,N/A,RB,515,-1,-1
2,212235,Kenardo Forbes,1988-05-15,Kingston,Jamaica,175,Jamaica,N/A,CM,4290,-1,225000
2,247252,Brandon Beresford,1992-07-15,Loma Linda California,United States,186,Guyana,United States,DM,515,-1,135000
2,441430,Sofiane Tergou,1991-09-03,Strasbourg,France,184,France,Algeria,LM,515,-1,113000
2,318576,Michael Garzi,1991-07-03,New Milford Connecticut,United States,173,United States,N/A,AM,123,-1,-1
2,367419,Marcos Ugarte,1992-12-02,Madrid,Spain,173,United States,Spain,LM,5838,-1,-1
2,430375,Sean Reilly,1991-05-06,Monroe New York,United States,183,United States,N/A,M,515,-1,-1
2,223449,Steevan Dos Santos,1989-09-17,Mindelo,Cape Verde,195,Cape Verde,N/A,CF,39151,-1,248000
2,417618,Michael Gamble,1994-01-05,Bedford,England,170,United States,England,CF,24260,-1,113000
1,46717,Charlotte Independence,USL-2015,50
2,297422,Cody Mizell,1991-09-30,Woodstock Georgia,United States,183,United States,N/A,GK,23565,-1,180000
2,319018,Kyle Renfro,1991-04-30,Lynchburg Virginia,United States,186,United States,N/A,GK,515,-1,45000
2,174718,Bilal Duckett,1989-01-09,Macon Georgia,United States,188,United States,N/A,RB,46717,-1,180000
2,429270,Austin Yearwood,1994-08-12,Charlotte North Carolina,United States,183,United States,N/A,LB,16931,-1,158000
2,355585,Joe Greenspan,1992-09-12,Westfield New Jersey,United States,198,United States,N/A,CB,4290,-1,113000
2,321238,Patrick Slogic,1991-09-13,Colorado Springs Colorado,United States,198,United States,N/A,CB,515,-1,-1
2,206792,Enzo Martínez,1990-09-29,Montevideo,Uruguay,171,Uruguay,United States,AM,1247,-1,428000
2,414113,Lewis Hilton,1993-10-22,Newquay,England,172,England,N/A,CM,45818,-1,158000
2,186291,Paul Clowes,1993-12-27,Manchester,England,178,England,N/A,CM,515,-1,135000
2,172668,Zach Pfeffer,1995-01-06,Dresher Pennsylvania,United States,172,United States,N/A,AM,123,-1,-1
2,60533,Yann Ekra,1990-12-10,N/A,N/A,180,Cote dIvoire,France,CF,46717,-1,158000
2,299844,Brian Brown,1992-12-29,Sandy Bay,Jamaica,180,Jamaica,N/A,CF,54716,-1,158000
2,212669,Christopher Hellmann,1992-10-16,Köln,Germany,183,Germany,N/A,LW,1348,-1,90000
2,468134,Asa Kryst,1993-05-25,Jackson Michigan,United States,173,United States,N/A,ST,515,-1,-1
2,307902,John Berner,1991-02-14,St Louis Missouri,United States,192,United States,N/A,GK,33414,-1,113000
2,142194,Joel Johnson,1992-09-20,Valencia,Spain,181,Liberia,Spain,RB,46717,-1,180000
2,129068,Jack Metcalf,1991-12-25,Liverpool,England,173,England,N/A,RB,64328,-1,158000
2,152607,Henry Kalungi,1987-11-25,Kampala,Uganda,188,Uganda,N/A,CB,46717,-1,135000
2,417624,Dennis Castillo,1993-04-30,San José,Costa Rica,178,Costa Rica,N/A,RB,8601,-1,113000
2,429269,Alec Bartlett,1993-04-27,Overland Park Kansas,United States,193,United States,N/A,D,515,-1,-1
2,271199,Alex Martinez,1991-08-25,Montevideo,Uruguay,173,United States,Uruguay,LM,46717,-1,180000
2,417385,Emmanuel Appiah,1993-09-26,Sampa,Ghana,175,Ghana,N/A,CM,33285,-1,158000
2,79918,Jun Marques Davidson,1983-06-07,Tokio Tokio,Japan,186,Japan,United States,DM,515,-1,135000
2,278150,Caleb Calvert,1996-10-22,Wrightwood California,United States,188,United States,N/A,CF,46717,-1,180000
2,140204,David Estrada,1988-02-04,Morelia,Mexico,174,Mexico,United States,CF,46720,-1,158000
2,170545,Jorge Herrera,1980-09-11,Bogotá,Colombia,175,Colombia,N/A,CF,46717,-1,90000
2,220993,Aly Hassan,1989-05-15,Weston Florida,United States,191,United States,Egypt,CF,66079,-1,68000
2,378479,Norberto Ochoa,1990-12-21,Riverside California,United States,185,United States,N/A,ST,515,-1,-1
1,4115,Charleston Battery,USL-2015,48
2,68436,Alexander Tambakis,1992-12-08,Athens,Greece,191,Greece,United States,GK,11228,-1,180000
2,218156,Taylor Mueller,1988-09-20,Kirkland Washington,United States,188,United States,N/A,CB,4115,-1,270000
2,354585,Neveal Hackshaw,1995-09-21,Arima,Trinidad and Tobago,183,Trinidad and Tobago,N/A,CB,4115,-1,180000
2,45621,Emmanuel Adjetey,1988-12-15,Accra,Ghana,170,Ghana,N/A,LB,75,-1,-1
2,259271,Maikel Chang,1991-04-18,La Habana,Cuba,177,Cuba,N/A,RM,45806,-1,248000
2,272851,Dante Marini,1992-07-21,Chadds Ford Pennsylvania,United States,160,United States,Italy,AM,4115,-1,135000
2,152588,Zach Prince,1988-03-30,Columbia South Carolina,United States,178,United States,N/A,M,123,-1,-1
2,460529,Jeremy Ebobisse,1997-02-14,Paris ,France,184,United States,France,CF,46719,-1,360000
2,77661,Ataullah Guerra,1987-11-14,Laventille,Trinidad and Tobago,190,Trinidad and Tobago,N/A,CF,4115,-1,270000
2,455727,Jeffrey Otoo,1998-01-21,Accra,Ghana,176,Ghana,N/A,LW,515,-1,113000
2,265008,Austin Savage,1991-05-17,Summerville South Carolina,United States,175,United States,N/A,CF,123,-1,-1
2,434661,José Nazareno,1997-01-16,Guayaquil,Ecuador,-1,Ecuador,N/A,ST,22109,-1,-1
2,188457,Odisnel Cooper,1992-03-31,Camagüey,Cuba,188,Cuba,N/A,GK,4115,-1,180000
2,367070,Forrest Lasso,1993-05-11,Raleigh North Carolina,United States,196,United States,N/A,CB,51772,-1,270000
2,77885,OBrian Woodbine,1988-01-11,N/A,N/A,183,Jamaica,N/A,RB,4115,-1,135000
2,265000,Shawn Ferguson,1991-01-21,Rock Hill South Carolina,United States,190,United States,N/A,CB,123,-1,-1
2,318461,Justin Portillo,1992-09-09,New Orleans Louisiana,United States,170,United States,El Salvador,CM,45806,-1,248000
2,171116,Quinton Griffith,1992-02-27,St Johns,Antigua and Barbuda,175,Antigua and Barbuda,N/A,LM,4115,-1,113000
2,189782,Romario Williams,1994-08-15,Portmore,Jamaica,180,Jamaica,N/A,CF,51663,-1,405000
2,370841,Andrew Carleton,2000-06-22,Powder Springs Georgia,United States,165,United States,N/A,LW,51663,-1,270000
2,84017,Heviel Cordovés,1989-11-10,Arroyo Naranjo La Habana,Cuba,188,Cuba,N/A,CF,16931,-1,180000
2,367062,Ricky Garbanzo,1992-08-26,San José,Costa Rica,170,Costa Rica,N/A,SS,515,-1,90000
2,272443,Chris Tsonis,1991-04-02,Dartmouth Massachusetts,United States,180,United States,N/A,LW,515,-1,-1
2,436399,Conor Sloan,1998-02-25,Murrells Inlet South Carolina,United States,175,United States,N/A,ST,515,-1,-1
1,16931,Richmond Kickers,USL-2015,45
2,108456,Andrew Dykstra,1986-01-02,Honolulu Hawaii,United States,193,United States,Netherlands,GK,46717,-1,225000
2,360227,Travis Worra,1993-04-09,Lancaster Pennsylvania,United States,191,United States,N/A,GK,16931,-1,158000
2,462323,Mark Nankervis,1992-01-09,Virginia Beach Virginia,United States,191,United States,N/A,GK,515,-1,-1
2,265139,Ryan Taylor,1990-06-15,Midlothian Virginia,United States,187,United States,N/A,GK,515,-1,-1
2,316230,Hugh Roberts,1992-09-27,Olney Maryland,United States,193,United States,N/A,CB,4290,-1,180000
2,159058,Conor Shanosky,1991-12-13,Sterling Virginia,United States,193,United States,N/A,CB,16931,-1,135000
2,220333,Alex Lee,1990-01-15,Rockville Maryland,United States,178,Guam,United States,RB,16931,-1,135000
2,73371,Yomby William,1984-06-18,Bafoussam,Cameroon,196,Cameroon,N/A,CB,16931,-1,68000
2,367423,Chris Durkin,2000-02-08,Glen Allen Virginia,United States,183,United States,N/A,DM,2440,-1,225000
2,364971,Yudai Imura,1991-06-25,Musashino Tokio,Japan,176,Japan,N/A,CM,16931,-1,158000
2,265464,Samuel Asante,1989-08-13,Sunyani,Ghana,163,Ghana,N/A,CM,515,-1,135000
2,319009,Fred Sekyere,1986-03-31,Kumasi,Ghana,168,Ghana,N/A,LM,16931,-1,135000
2,113390,Michael Callahan,1987-01-07,Red Bank New Jersey,United States,174,United States,N/A,M,515,-1,90000
2,180930,Lucas Paulini,1989-03-19,Buenos Aires,Argentina,185,Argentina,N/A,AM,515,-1,45000
2,311887,Nate Shiffman,1991-12-09,Midlothian Virginia,United States,173,United States,N/A,CM,515,-1,-1
2,424205,Luiz Fernando Nascimento,1997-06-23,N/A,N/A,191,Brazil,N/A,LW,16931,-1,158000
2,146197,Jason Yeisley,1986-09-30,Hershey Pennsylvania,United States,185,United States,N/A,CF,515,-1,45000
2,424206,Rômulo Peretta,1996-08-26,N/A,N/A,170,Brazil,N/A,ST,515,-1,-1
2,425306,Matt Turner,1994-06-24,Park Ridge New Jersey,United States,191,United States,N/A,GK,626,-1,180000
2,280855,Charlie Horton,1994-09-14,London,England,197,United States,England,GK,123,-1,-1
2,152616,Ronnie Pascale,1976-09-06,North Salem New York,United States,180,United States,N/A,GK,16931,-1,-1
2,431664,Sawyer Gaffney,1997-05-07,Chesterfield Virginia,United States,175,United States,N/A,GK,38369,-1,-1
2,367422,Braeden Troyer,1993-03-19,Columbia South Carolina,United States,180,United States,N/A,LB,16931,-1,158000
2,413862,Scott Thomsen,1993-12-31,Brick New Jersey,United States,177,United States,United Kingdom,LB,16931,-1,135000
2,310441,Jalen Robinson,1994-05-08,Catonsville Maryland,United States,175,United States,N/A,CB,2440,-1,113000
2,363266,Luke Mishu,1991-06-26,Knoxville Tennessee,United States,183,United States,N/A,LB,123,-1,-1
2,125697,Brian Ownby,1990-07-16,Glen Allen Virginia,United States,180,United States,N/A,AM,46316,-1,158000
2,186291,Paul Clowes,1993-12-27,Manchester,England,178,England,N/A,CM,515,-1,135000
2,314454,Sunny Jane,1991-07-17,N/A,N/A,168,Lesotho,N/A,AM,16043,-1,135000
2,325363,Miguel Aguilar,1993-08-30,Ciudad Juárez,Mexico,175,Mexico,N/A,RM,33285,-1,135000
2,431665,Jackson Eskay,1994-08-27,Urbana Maryland,United States,183,United States,N/A,M,515,-1,68000
2,152604,Sascha Görres,1980-02-27,Flensburg,Germany,185,Germany,N/A,LM,515,-1,-1
2,431666,Travis Pittman,1991-03-22,Manassas Virginia,United States,183,United States,N/A,M,12667,-1,-1
2,228753,Anthony Grant,1989-04-08,Kingston,Jamaica,175,Jamaica,N/A,CF,515,-1,90000
2,94575,Matthew Delicâte,1982-02-07,Kent,England,191,England,N/A,ST,123,-1,-1
1,51773,Orlando City B,USL-2015,35
2,45527,Mark Ridgers,1990-08-09,Inverness,Scotland,185,Scotland,N/A,GK,2451,-1,180000
2,423457,Jake Fenlason,1993-02-02,San Diego California,United States,184,United States,N/A,GK,45818,-1,113000
2,290388,Rafael Ramos,1995-01-09,Seia,Portugal,173,Portugal,N/A,RB,317,-1,180000
2,336166,Conor Donovan,1996-01-08,Fuquay-Varina North Carolina,United States,188,United States,Ireland,CB,9168,-1,180000
2,315073,Tyler Turner,1996-04-03,Milford Connecticut,United States,180,United States,N/A,RB,65876,-1,158000
2,454544,David Norris,A--0N,N/A,N/A,-1,United States,N/A,D,9734,-1,-1
2,266424,Andrew Ribeiro,1990-10-22,Green Bay Wisconsin,United States,183,United States,N/A,CB,515,-1,-1
2,211386,Cristian Higuita,1994-01-12,Cali,Colombia,174,Colombia,N/A,AM,45604,-1,630000
2,154773,Johnny Mendoza,1990-01-26,N/A,N/A,168,Colombia,N/A,AM,515,-1,135000
2,265998,Harrison Heath,1996-03-06,Newcastle-under-Lyme,England,180,England,United States,CM,56089,-1,113000
2,263295,Marius Obekop,1994-12-19,Yaounde,Cameroon,178,Cameroon,N/A,AM,2714,-1,90000
2,193591,Antonio Matarazzo,1993-04-27,Fair Lawn New Jersey,United States,193,United States,Italy,LM,515,-1,-1
2,228513,Pedro Ribeiro,1990-06-13,Belo Horizonte,Brazil,191,Brazil,N/A,CF,61553,-1,180000
2,333199,Bryan Róchez,1995-01-01,Tegucigalpa,Honduras,183,Honduras,N/A,CF,982,-1,158000
2,402304,David Loera,1998-09-10,Orlando Florida,United States,165,United States,N/A,CF,9734,-1,68000
2,454543,Isaque Couto,1998-05-21,N/A,N/A,-1,Brazil,N/A,ST,9734,-1,-1
2,437995,Alejandro García,1994-03-30,Bakersfield California,United States,178,United States,N/A,CF,515,-1,-1
2,354886,Earl Edwards Jr,1992-01-24,San Diego California,United States,191,United States,N/A,GK,45604,-1,158000
2,318463,Tommy Redding,1997-01-24,San Diego California,United States,185,United States,N/A,CB,623,-1,360000
2,43086,Luke Boden,1988-11-26,Sheffield,England,185,England,United States,LB,515,-1,180000
2,255918,Mikey Ambrose,1993-10-05,El Paso Texas,United States,175,United States,N/A,LB,64328,-1,158000
2,423456,Zach Ellis-Hayden,1992-03-01,Kitchener Ontario,Canada,177,Canada,N/A,RB,61553,-1,158000
2,207601,Kyle Callan-McFadden,1995-04-20,Ramelton,Ireland,183,Ireland,N/A,CB,8780,-1,-1
2,367534,Craig Nitti,1992-01-29,N/A,N/A,196,United States,N/A,D,515,-1,-1
2,417348,Richmond Laryea,1995-01-07,Toronto Ontario,Canada,175,Canada,Ghana,DM,45604,-1,225000
2,261736,Tony Rocha,1993-08-21,Spring Texas,United States,175,United States,N/A,CM,45604,-1,135000
2,13594,Lewis Neal,1981-07-14,Leicester,England,180,England,N/A,CM,75,-1,90000
2,295396,Devron García,1996-02-17,Roatán,Honduras,192,Honduras,N/A,DM,8165,-1,90000
2,417384,Hadji Barry,1992-12-08,Conakry,Guinea,180,Guinea,N/A,CF,51604,-1,225000
2,315761,Pierre da Silva,1998-07-28,Port Chester New York,United States,175,United States,Brazil,LW,45818,-1,158000
2,174639,Michael Cox,1992-08-02,Calgary Alberta,Canada,186,Canada,N/A,CF,45818,-1,90000
2,417627,Keegan Smith,1993-06-09,Oceanside California,United States,184,United States,N/A,CF,515,-1,45000
2,421975,William Eyang,1994-01-27,Nkoumadjap,Cameroon,187,Cameroon,N/A,CF,515,-1,-1
1,16902,Wilmington Hammerheads,USL-2015,34
2,198282,Eric Ati,1988-10-17,N/A,N/A,180,United States,Cameroon,GK,16902,-1,45000
2,455705,Sam Williams,1994-01-21,N/A,N/A,-1,United States,N/A,GK,16902,-1,-1
2,322400,Ryan Roushandel,1985-11-11,Atlanta Georgia,United States,188,United States,N/A,CB,52910,-1,135000
2,31913,Tom Parratt,1986-03-02,Inverness,Scotland,175,Scotland,N/A,RB,515,-1,113000
2,263913,Ashani Fairclough,1992-08-07,Portmore,Jamaica,190,Jamaica,United States,CB,515,-1,68000
2,447100,Michael Soboff,1989-12-09,Boston Massachusetts,United States,186,Armenia,United States,D,16902,-1,-1
2,367424,Stefan Defregger,1993-01-31,Gilford New Hampshire,United States,183,United States,N/A,AM,515,-1,113000
2,413859,Mael Corboz,1994-09-06,Mobile Alabama,United States,180,United States,N/A,CM,97,-1,90000
2,9505,Liam Miller,1981-02-13,Cork,Ireland,173,Ireland,N/A,CM,4023,-1,-1
2,364691,Jeff Michaud,1993-09-30,West Palm Beach Florida,United States,180,United States,N/A,M,66079,-1,-1
2,422053,Michael Mecham,1994-01-01,Radford Virginia,United States,187,United States,N/A,M,515,-1,-1
2,206798,Casey Townsend,1989-07-07,Traverse City Michigan,United States,180,United States,N/A,CF,515,-1,90000
2,259400,Jeremie Lynch,1991-03-24,Victoria,Jamaica,182,Jamaica,N/A,CF,32018,-1,-1
2,216801,Bryce Taylor,1989-03-19,Broken Arrow Oklahoma,United States,187,United States,N/A,RW,515,-1,-1
2,221418,John Smits,1988-09-07,Mississauga,Canada,193,Canada,N/A,GK,16902,-1,45000
2,67996,Bruno Perone,1987-07-06,São Paulo,Brazil,191,Brazil,Italy,CB,142,-1,360000
2,262622,Peabo Doue,1991-12-28,Takoma Park Maryland,United States,180,United States,N/A,LB,11228,-1,135000
2,166665,Josué Currais,1993-02-27,Langreo,Spain,176,Spain,N/A,LB,26132,-1,113000
2,431621,Mohamoudou Kaba,1995-04-24,N/A,N/A,-1,Guinea,N/A,D,16902,-1,-1
2,434046,Michael Binns,1988-08-12,Spanish Town,Jamaica,170,Jamaica,N/A,CM,24260,-1,113000
2,39425,Justin Moose,1983-11-23,Statesville North Carolina,United States,176,United States,N/A,AM,515,-1,90000
2,364621,Zev Taublieb,1993-06-26,New York City New York,United States,168,United States,N/A,DM,10507,-1,68000
2,283734,Ferrety Sousa,1990-12-25,N/A,N/A,168,DR Congo,United States,AM,4274,-1,-1
2,415766,Logan Miller,1992-10-13,Longmont Colorado,United States,184,United States,N/A,M,515,-1,-1
2,390966,Austin Martz,1992-05-31,Mechanicsburg Pennsylvania,United States,184,United States,N/A,RW,45818,-1,158000
2,417619,Kyle Parker,1993-12-17,Columbus Ohio,United States,177,United States,N/A,ST,515,-1,45000
2,75394,Matthew Barnes-Homer,1986-01-25,Birmingham,England,180,England,N/A,CF,20877,-1,-1
2,367566,Qudus Lawal,1995-09-04,N/A,N/A,178,United States,N/A,ST,59797,-1,-1
1,16885,Harrisburg City Islanders,USL-2015,31
2,354745,Keasel Broome,1991-09-18,Claymont Delaware,United States,182,Barbados,United States,GK,75,-1,68000
2,430369,Liam Doyle,1992-07-01,Douglas,Isle of Man,192,Isle of Man,N/A,CB,54753,-1,225000
2,271649,Shawn McLaws,1993-09-03,Edmond Oklahoma,United States,178,United States,N/A,RB,38946,-1,135000
2,446220,Chris Hill,1994-03-11,Farmingdale New Jersey,United States,184,United States,N/A,CB,16885,-1,45000
2,226861,Neil Shaffer,1989-02-14,Aliquippa Pennsylvania,United States,178,United States,N/A,RB,123,-1,-1
2,246251,José María Barril,1992-04-25,Madrid,Spain,183,Spain,N/A,AM,38946,-1,158000
2,320904,Danny DiPrima,1991-10-30,Dillsburg Pennsylvania,United States,175,United States,N/A,DM,515,-1,113000
2,430348,Matt Bolduc,1994-10-12,Peterborough New Hampshire,United States,173,United States,N/A,RM,16931,-1,113000
2,368843,Josh Hughes,1991-11-03,Peachtree City Georgia,United States,178,United States,N/A,DM,54753,-1,23000
2,431634,Darvin Ebanks,1993-05-30,Macon Georgia,United States,185,United States,N/A,M,515,-1,-1
2,158313,Aaron Wheeler,1988-05-11,Baltimore Maryland,United States,193,United States,N/A,CF,515,-1,135000
2,205408,Craig Foster,1991-09-07,N/A,N/A,179,Jamaica,N/A,CF,18322,-1,-1
2,366671,Frederic Meuris,1988-09-13,N/A,N/A,171,United States,Germany,CF,10194,-1,-1
2,59487,Nick Noble,1984-09-01,Charleston West Virginia,United States,193,United States,N/A,GK,123,-1,-1
2,367408,James Thomas,1992-05-22,Silver Spring Maryland ,United States,170,United States,N/A,LB,515,-1,180000
2,365639,Dante Leverock,1992-04-11,Hamilton,Bermuda,195,Bermuda,N/A,CB,7130,-1,90000
2,268286,Shane Campbell,1994-06-24,Lancaster Pennsylvania,United States,180,United States,N/A,LB,53657,-1,23000
2,218241,Shane Johnson,1989-12-11,Ashburn Virginia,United States,191,United States,N/A,CB,515,-1,-1
2,285919,Mouhamed Dabo,1996-01-02,Mbediene,Senegal,176,Senegal,N/A,DM,4290,-1,135000
2,425246,Paul Wilson,1993-07-16,Portmore,Jamaica,163,Jamaica,N/A,AM,39197,-1,113000
2,262628,Cameron Vickers,1988-11-26,Auburn Washington,United States,170,United States,N/A,RM,65819,-1,68000
2,174925,Bobby Warshaw,1988-11-21,Mechanicsburg Pennsylvania,United States,183,United States,N/A,DM,123,-1,-1
2,431636,Youssef Naciri,1993-12-10,Casablanca,Morocco,185,Morocco,N/A,M,515,-1,-1
2,189749,Cardel Benbow,1995-06-03,Portmore,Jamaica,163,Jamaica,N/A,LW,68653,-1,135000
2,222605,Garret Pettis,1989-08-31,Elizabethtown Pennsylvania,United States,183,United States,N/A,ST,123,-1,-1
2,367953,Brett Jankouskas,1991-08-18,Sacramento California,United States,188,United States,N/A,ST,515,-1,-1
1,51762,Bethlehem Steel FC,USL-2015,28
2,128063,Matt Jones,1986-05-11,Stoke-on-Trent,England,190,England,N/A,GK,65876,-1,540000
2,373327,Matt Perrella,1991-01-21,North Brunswick New Jersey,United States,185,United States,N/A,GK,65819,-1,68000
2,118484,Samir Badr,1992-04-02,Fairfax Virginia,United States,195,United States,Egypt,GK,515,-1,45000
2,368897,Matthew Real,1999-10-07,Drexel Hill Pennsylvania,United States,180,United States,Brazil,LB,25467,-1,315000
2,187759,Anderson Conceição,1989-10-24,Caravelas,Brazil,188,Brazil,N/A,CB,11449,-1,270000
2,417394,Taylor Washington,1993-08-16,Somers New York,United States,178,United States,N/A,LB,54753,-1,180000
2,429259,Mark McKenzie,1999-02-25,The Bronx New York,United States,180,United States,N/A,CB,25467,-1,113000
2,364647,Nick Bibbs,1991-01-30,Philadelphia Pennsylvania,United States,178,United States,N/A,D,515,-1,-1
2,66435,James Chambers,1987-02-14,Dublin,Ireland,175,Ireland,N/A,CM,51762,-1,270000
2,447216,Anthony Fontana,1999-10-14,Newark Delaware,United States,173,United States,N/A,AM,25467,-1,225000
2,43133,Fred,1979-08-18,Belo Horizonte,Brazil,173,Brazil,N/A,CM,515,-1,135000
2,425438,Cole Missimo,1993-02-15,Dallas Texas,United States,178,United States,N/A,CM,515,-1,90000
2,408051,Cory Burke,1991-12-28,Kingston,Jamaica,193,Jamaica,N/A,CF,25467,-1,450000
2,119022,Wálter Restrepo,1988-06-21,San Diego California,United States,176,Colombia,United States,RW,10503,-1,360000
2,228503,Leo Fernandes,1991-12-23,São Paulo,Brazil,185,Brazil,N/A,LW,23565,-1,158000
2,465104,Yosef Samuel,1997-07-03,Endegagn,Ethiopia,183,United States,Ethiopia,CF,64328,-1,90000
2,421964,Amoy Brown,1996-08-31,Kingston,Jamaica,187,Jamaica,N/A,ST,31631,-1,68000
2,372924,Jamie Luchini,1994-08-10,Pittsburgh Pennsylvania,United States,188,United States,N/A,ST,515,-1,-1
2,271718,John McCarthy,1992-07-04,Cinnaminson New Jersey,United States,190,United States,N/A,GK,51762,-1,270000
2,465105,Tomás Romero,2000-12-19,N/A,N/A,181,El Salvador,United States,GK,29826,-1,68000
2,389253,Auston Trusty,1998-08-12,Media Pennsylvania,United States,188,United States,N/A,CB,25467,-1,450000
2,271662,Ken Tribbett,1992-08-28,Centennial Colorado,United States,188,United States,N/A,CB,16885,-1,315000
2,374554,Joshua Yaro,1994-03-24,Kumasi,Ghana,180,United States,Ghana,CB,25467,-1,180000
2,227950,Mickey Daly,1987-06-04,Sonoma California,United States,188,United States,N/A,CB,61553,-1,158000
2,115574,Ryan Richter,1989-12-04,Southampton Pennsylvania,United States,188,United States,N/A,RB,123,-1,-1
2,411554,Derrick Jones,1997-03-03,Bantama,Ghana,190,United States,Ghana,CM,51762,-1,315000
2,50987,Maurice Edu,1986-04-18,Fontana California,United States,183,United States,Nigeria,DM,515,-1,248000
2,371100,Bolu Akinyode,1994-05-30,Lagos,Nigeria,187,Nigeria,United States,DM,54753,-1,158000
2,367750,Eric Ayuk,1997-02-17,Yaoundé,Cameroon,173,Cameroon,N/A,RM,2944,-1,90000
2,468125,Josué Monge,1999-03-11,San Isidro de El General,Costa Rica,-1,Costa Rica,N/A,CM,25054,-1,45000
2,196077,Fabian Herbers,1993-08-17,Ahaus,Germany,182,Germany,N/A,RW,25467,-1,405000
2,329975,Seku Conneh,1995-11-10,Vonjama,Liberia,188,Liberia,Netherlands,CF,57434,-1,270000
2,421970,Josh Heard,1994-11-29,Cardiff,Wales,175,Wales,Canada,SS,45806,-1,113000
2,313226,Gabe Gissie,1996-11-23,Monrovia,Liberia,183,Liberia,N/A,CF,515,-1,90000
2,446630,Justin McMaster,1999-06-30,King of Prussia Pennsylvania,United States,175,Jamaica,United States,ST,29826,-1,23000
2,442671,Raheem Taylor-Parkes,1998-04-21,Mississauga Ontario,Canada,174,United States,Canada,SS,5499,-1,-1
1,46823,Toronto FC II,USL-2015,26
2,272881,Alex Bono,1994-04-25,Syracuse New York,United States,191,United States,N/A,GK,11141,-1,1350000
2,164547,Angelo Cavalluzzo,1993-01-03,Hamilton Ontario,Canada,178,Canada,Italy,GK,46823,-1,135000
2,189041,Quillan Roberts,1994-09-13,Brampton Ontario,Canada,185,Canada,Jamaica,GK,51828,-1,90000
2,429459,Phil Boerger,A--0N,Jamestown North Dakota,United States,188,United States,N/A,GK,123,-1,-1
2,271198,Daniel Lovitz,1991-08-27,Wyndmoor Pennsylvania,United States,178,United States,N/A,LB,4078,-1,540000
2,164559,Ashtone Morgan,1991-02-09,Toronto Ontario,Canada,180,Canada,Guyana,LB,11141,-1,450000
2,347548,Chris Mannella,1994-06-07,Toronto Ontario,Canada,175,Canada,N/A,CB,39151,-1,180000
2,409157,Robert Boskovic,1998-07-01,Mississauga Ontario,Canada,190,Canada,N/A,CB,46823,-1,135000
2,468133,Rocco Romeo,2000-03-25,Toronto Ontario,Canada,188,Canada,N/A,CB,46823,-1,90000
2,153896,Mark Bloom,1987-11-25,Marietta Georgia,United States,183,United States,N/A,RB,123,-1,-1
2,464870,Klaidi Cela,1999-07-16,Mississauga Ontario,Canada,190,Canada,N/A,CB,29487,-1,-1
2,429457,Steven Furlano,1998-02-06,Barrie Ontario,Canada,165,Canada,N/A,D,29487,-1,-1
2,429458,Brian James,1993-10-25,Boca Raton Florida,United States,180,United States,N/A,DM,75,-1,180000
2,381070,Malik Johnson,1998-04-13,Toronto Ontario,Canada,175,Canada,Jamaica,CM,46823,-1,158000
2,364636,Luca Uccello,1997-06-17,Markham Ontario,Canada,170,Canada,N/A,AM,46823,-1,135000
2,429460,Aidan Daniels,1998-09-06,Ajax Ontario,Canada,177,Canada,Philippines,AM,46823,-1,113000
2,354659,Martin Davis,1996-10-11,Kingston,Jamaica,165,Jamaica,N/A,M,31631,-1,68000
2,396258,Bubacarr Jobe,1994-11-21,N/A,N/A,167,The Gambia,N/A,RM,2719,-1,-1
2,467579,Marko Maletic,1999-06-23,Kitchener Ontario,Canada,-1,Croatia,Canada,M,41462,-1,-1
2,367429,Raheem Edwards,1995-07-17,Toronto Ontario,Canada,172,Canada,N/A,LW,432,-1,360000
2,221623,Ben Spencer,1995-03-28,Albuquerque New Mexico,United States,196,United States,N/A,CF,11141,-1,135000
2,436294,Shaan Hundal,1999-07-14,Brampton Ontario,Canada,180,Canada,India,CF,46823,-1,135000
2,354842,Salvador Bernal,1992-08-13,Morelia,Mexico,170,Mexico,N/A,CF,515,-1,45000
2,426257,Reshon Phillip,1998-01-27,Brampton Ontario,Canada,170,Canada,N/A,ST,29487,-1,-1
2,383078,Nicholas Osorio,1998-01-20,Toronto Ontario,Canada,173,Canada,Colombia,ST,75,-1,-1
2,222110,Clint Irwin,1989-04-01,Charlotte North Carolina,United States,191,United States,N/A,GK,11141,-1,450000
2,418368,Nathan Ingham,1993-06-27,Keswick Ontario,Canada,188,Canada,N/A,GK,4290,-1,90000
2,367425,Phil Di Bennardo,1997-04-20,Toronto Ontario,Canada,183,Canada,United States,GK,29487,-1,-1
2,131193,Eriq Zavaleta,1992-08-02,Westfield Indiana,United States,185,United States,El Salvador,CB,11141,-1,765000
2,307890,Nick Hagglund,1992-09-14,Cincinnati Ohio,United States,186,United States,N/A,CB,11141,-1,540000
2,429461,Mitchell Taintor,1994-09-11,Willimantic Connecticut,United States,185,United States,N/A,CB,40835,-1,248000
2,354907,Skylar Thomas,1993-07-27,Scarborough Ontario,Canada,193,Canada,Trinidad and Tobago,CB,4115,-1,158000
2,354615,Clément Simonin,1991-01-07,Lorient,France,188,France,N/A,CB,21688,-1,90000
2,425829,Andrew Dias,1998-05-19,Toronto Ontario,Canada,178,Canada,N/A,D,29487,-1,45000
